article title,link
Kemendikbud Tak Setuju Jika Sistem Zonasi Dianggap Akar dari Permasalahan di PPDB,https://ussfeed.com/kemendikbud-tak-setuju-jika-sistem-zonasi-dianggap-akar-dari-permasalahan-di-ppdb/pop-culture/
Stanford University Bakal Bangun Sekolah di IKN,https://ussfeed.com/stanford-university-bakal-bangun-sekolah-di-ikn/pop-culture/
"Krisis Air Bersih Bekasi: Warga Sulit Dapat Pasokan Akibat Tercemar, Kalimalang Jadi Solusi?",https://ussfeed.com/krisis-air-bersih-bekasi-warga-sulit-dapat-pasokan-akibat-tercemar-kalimalang-jadi-solusi/pop-culture/
FIFA Bakal Berkantor di Jakarta Untuk Pantau Persiapan Piala Dunia U-17,https://ussfeed.com/fifa-bakal-berkantor-di-jakarta-untuk-pantau-persiapan-piala-dunia-u-17/pop-culture/
"Uji Emisi Jadi Syarat Perpanjang STNK, Jika Gagal Tidak Bisa Perpanjang dan Kena Denda",https://ussfeed.com/uji-emisi-jadi-syarat-perpanjang-stnk-jika-gagal-tidak-bisa-perpanjang-dan-kena-denda/pop-culture/
Aksi Pencurian Aliran Listrik untuk Tambang Kripto Berimbas pada Listrik Warga Depok,https://ussfeed.com/aksi-pencurian-aliran-listrik-untuk-tambang-kripto-berimbas-pada-listrik-warga-depok/pop-culture/
"Olah Sampah Hewan Jadi Listrik, Taman Margasatwa Ragunan Hasilkan 234Kwh Dalam Sehari",https://ussfeed.com/olah-sampah-hewan-jadi-listrik-taman-margasatwa-ragunan-hasilkan-234kwh-dalam-sehari/pop-culture/
"Usai Kebakaran Museum Nasional, Barang yang Hangus Mulai Diidentifikasi dan 21 Saksi Diperiksa",https://ussfeed.com/usai-kebakaran-museum-nasional-barang-yang-hangus-mulai-diidentifikasi-dan-periksa-21-saksi/pop-culture/
"Virus Nipah Menyebar di India, Tingkat Kematian Capai 75%",https://ussfeed.com/virus-nipah-menyebar-di-india-tingkat-kematian-capai-75/editorial/
Elon Musk Beri Ide untuk X (Twitter) Kenakan Biaya Tiap Kali Diakses Semua Pengguna,https://ussfeed.com/elon-musk-beri-ide-untuk-x-twitter-kenakan-biaya-tiap-kali-diakses-semua-pengguna/technology/
Uji Coba Taksi Terbang di IKN Bakal Dilakukan Sebelum HUT RI Ke-79,https://ussfeed.com/uji-coba-taksi-terbang-di-ikn-bakal-dilakukan-sebelum-hut-ri-ke-79/pop-culture/
Wisata Gunung Bromo Kembali Dibuka Mulai 19 September,https://ussfeed.com/wisata-gunung-bromo-kembali-dibuka-mulai-19-september/pop-culture/
Album Baru Kunto Aji: Pengalaman Ekplorasi Musik yang Dipadukan Lirik yang Intim,https://ussfeed.com/pengantar-purifikasi-pikir-adalah-pengalaman-ekplorasi-musik-yang-digabung-dengan-lirik-yang-intim/music/
Kate Spade Spring 2024: Pesona Musim Semi Manhattan,https://ussfeed.com/kate-spade-spring-2024-pesona-musim-semi-manhattan/pop-culture/
"Sandiaga Uno Sebut Muslimah Creative Day 2023, Wujud dari Indonesia Jadi Kiblat Fesyen Dunia",https://ussfeed.com/sandiaga-uno-sebut-muslimah-creative-day-2023-terwujudnya-indonesia-jadi-kiblat-fesyen-dunia/event/
Staf Kantor Pusat Disney Diminta WFH Usai Dapat Serangan Hama Tikus dan Kutu,https://ussfeed.com/staf-kantor-pusat-disney-diminta-wfh-usai-dapat-serangan-hama-tikus-dan-kutu/pop-culture/
Kemendikbud Tak Setuju Jika Sistem Zonasi Dianggap Akar dari Permasalahan di PPDB,https://ussfeed.com/kemendikbud-tak-setuju-jika-sistem-zonasi-dianggap-akar-dari-permasalahan-di-ppdb/pop-culture/
Stanford University Bakal Bangun Sekolah di IKN,https://ussfeed.com/stanford-university-bakal-bangun-sekolah-di-ikn/pop-culture/
"Krisis Air Bersih Bekasi: Warga Sulit Dapat Pasokan Akibat Tercemar, Kalimalang Jadi Solusi?",https://ussfeed.com/krisis-air-bersih-bekasi-warga-sulit-dapat-pasokan-akibat-tercemar-kalimalang-jadi-solusi/pop-culture/
FIFA Bakal Berkantor di Jakarta Untuk Pantau Persiapan Piala Dunia U-17,https://ussfeed.com/fifa-bakal-berkantor-di-jakarta-untuk-pantau-persiapan-piala-dunia-u-17/pop-culture/
"Uji Emisi Jadi Syarat Perpanjang STNK, Jika Gagal Tidak Bisa Perpanjang dan Kena Denda",https://ussfeed.com/uji-emisi-jadi-syarat-perpanjang-stnk-jika-gagal-tidak-bisa-perpanjang-dan-kena-denda/pop-culture/
Aksi Pencurian Aliran Listrik untuk Tambang Kripto Berimbas pada Listrik Warga Depok,https://ussfeed.com/aksi-pencurian-aliran-listrik-untuk-tambang-kripto-berimbas-pada-listrik-warga-depok/pop-culture/
"Olah Sampah Hewan Jadi Listrik, Taman Margasatwa Ragunan Hasilkan 234Kwh Dalam Sehari",https://ussfeed.com/olah-sampah-hewan-jadi-listrik-taman-margasatwa-ragunan-hasilkan-234kwh-dalam-sehari/pop-culture/
"Usai Kebakaran Museum Nasional, Barang yang Hangus Mulai Diidentifikasi dan 21 Saksi Diperiksa",https://ussfeed.com/usai-kebakaran-museum-nasional-barang-yang-hangus-mulai-diidentifikasi-dan-periksa-21-saksi/pop-culture/
Uji Coba Taksi Terbang di IKN Bakal Dilakukan Sebelum HUT RI Ke-79,https://ussfeed.com/uji-coba-taksi-terbang-di-ikn-bakal-dilakukan-sebelum-hut-ri-ke-79/pop-culture/
Wisata Gunung Bromo Kembali Dibuka Mulai 19 September,https://ussfeed.com/wisata-gunung-bromo-kembali-dibuka-mulai-19-september/pop-culture/
Kate Spade Spring 2024: Pesona Musim Semi Manhattan,https://ussfeed.com/kate-spade-spring-2024-pesona-musim-semi-manhattan/pop-culture/
Staf Kantor Pusat Disney Diminta WFH Usai Dapat Serangan Hama Tikus dan Kutu,https://ussfeed.com/staf-kantor-pusat-disney-diminta-wfh-usai-dapat-serangan-hama-tikus-dan-kutu/pop-culture/
"Kominfo Berencana Tugaskan Ratusan Orang yang Bakal Dibayar Rp7,5 Juta untuk Monitoring Hoaks",https://ussfeed.com/kominfo-berencana-tugaskan-ratusan-orang-yang-bakal-dibayar-rp75-juta-untuk-monitoring-hoaks/technology/
Elon Musk Beri Ide untuk X (Twitter) Kenakan Biaya Tiap Kali Diakses Semua Pengguna,https://ussfeed.com/elon-musk-beri-ide-untuk-x-twitter-kenakan-biaya-tiap-kali-diakses-semua-pengguna/technology/
Album Baru Kunto Aji: Pengalaman Ekplorasi Musik yang Dipadukan Lirik yang Intim,https://ussfeed.com/pengantar-purifikasi-pikir-adalah-pengalaman-ekplorasi-musik-yang-digabung-dengan-lirik-yang-intim/music/
"Instagram Uji Coba Fitur ‘Close Friend’ pada Feed, Kontrol Lebih untuk Pengguna?",https://ussfeed.com/instagram-uji-coba-fitur-close-friend-pada-feed-kontrol-lebih-untuk-pengguna/technology/
"Penampilan yang Bawakan Unsur Tradisional, BLACKPINK Sukses Guncang Coachella 2023",https://ussfeed.com/penampilan-yang-bawakan-unsur-tradisional-blackpink-sukses-guncang-coachella-2023/music/
Bettergoods Luncurkan Koleksi Spring/Summer 2023 Versatile yang Bertajuk ‘In a Moment’,https://ussfeed.com/bettergoods-luncurkan-koleksi-spring-summer-2023-versatile-yang-bertajuk-in-a-moment/fashion/
"Sambut Anniversary ke-45, HAI Berkolaborasi dengan W.ESSENTIÈLS dan Luncurkan Koleksi ‘Borderless Youth’",https://ussfeed.com/sambut-anniversary-ke-45-hai-berkolaborasi-dengan-w-essentiels-dan-luncurkan-koleksi-borderless-youth/fashion/
Rilisan Eksklusif Sonderlab dan OMO yang Terinspirasi dari Trompe l’oeil,https://ussfeed.com/rilisan-eksklusif-sonderlab-dan-omo-yang-terinspirasi-dari-trompe-loeil/fashion/
Gucci dan Kering Group Jatuhkan Pilihan pada Sabato De Sarno sebagai Creative Director yang Baru,https://ussfeed.com/gucci-dan-kering-group-jatuhkan-pilihan-pada-sabato-de-sarno-sebagai-creative-director-yang-baru/fashion/
Curved Perkenalkan Diri dengan Energi Y2K,https://ussfeed.com/curved-perkenalkan-diri-dengan-energi-y2k/fashion/
Store Terbaru atmos Hadirkan ‘Otaku Room’ yang Jadi Satu-satunya di Indonesia,https://ussfeed.com/store-terbaru-atmos-hadirkan-otaku-room-yang-jadi-satu-satunya-di-indonesia/pop-culture/
